TXID,Size,time,min_value,max_value
934ebabe8e997ad1b581476a88066be54127300d913e027d4339016e492f00bf,256,1510267029,9216,64512
024ef686a08cfab2784c709bd622a91a076fca7bae37f85cbe7d7dd7b207ffb6,226,1510264650,13114.86569,65574.32847
c0310dbbb92b14516b7b1a36902cd0a3d6b3f15a5baf561bd95304fb0c3246eb,223,1510267028,5770.701993,23082.80797
7a2e8e18e50db6c9124747916a5a4154f4e4bdb9d185d2be5129354f5e51d877,374,1510265927,30701.59254,276314.3328
6b3fab2517303f3464d26681de150b62f1e279de1eed4d87c88d27e4001c445c,226,1510266506,23315.31679,69945.95037
26a55254efdd3da60b47db2cd4844b628187e9d806eb68647139aeef918258ad,223,1510265552,9752.486367,39009.94547
3199aed3be50cc477de99c0be89846d4a17295c59411c6baf05c342c5babf65a,225,1510265236,20972.20482,146805.4337
f539e2ed4a6a64a6732da1e614fe411729480c6408633df9cd25adefa0855379,226,1510265086,7052.883329,49370.1833
97b503c38d57f158bcb1c559a352f27cb02d9430fc17bfb2fa033de2823bfb4a,226,1510266924,11424.50523,114245.0523
f120595d4da7552c1039182f54189c6d401f62aba341fea74d774e85bbc6453f,226,1510264710,16845.31638,16845.31638
b80910a9e3236fd1aa08cc47f14491280d73be188d16eb7c81caac7c3da3e909,225,1510265236,11386.57104,56932.85519
ef14762e6e44b00a38911e85e5855dede3cec62c6377776ef2edb5e409d0674a,404,1510265603,23068.85234,69206.55701
76f303e613edd0781f932b24c613032ab0ea9facef2703a1be06f70976e2efe9,373,1510266478,10269.91843,20539.83686
859d12f54107dc8d6f4565734ea4a0c39b1caef5913bd51a8da7aabaede0afcb,191,1510266649,18547.36537,111284.1922
a17869a0b96e1a6b3cf11569d7b43f4a4a1b994456399473ed73ac371e7d31a9,225,1510265387,18822.69906,18822.69906
5e050629e542d53b56aff0744b1883c4c448f73e67bd73fa9df19de5a7d7515e,226,1510266953,13114.86569,91804.05986
f120595d4da7552c1039182f54189c6d401f62aba341fea74d774e85bbc6453f,226,1510264710,16845.31638,16845.31638
3dc5ede22f194ddbd03f3ebec48a29fba9057ae0d4a0e725569d7ac8da34893b,191,1510264885,20551.09736,82204.38945
188b12478d7756043fd9595248f0875639733cf15da248b3c09a6b314c1f40c7,226,1510264937,13114.86569,104918.9256
21748394fc2835de62d6dbdd2dd8055ab5db971dffd378abbc161e2531862fc5,225,1510266667,18822.69906,131758.8934
934ebabe8e997ad1b581476a88066be54127300d913e027d4339016e492f00bf,256,1510267029,9216,64512
b3616be54b9753466d7242ed183ee3d044f52914e7459ca054cbffe590978841,522,1510267218,18456.08501,129192.5951
78bf079693e643144bb0cc695575f5d8f92f500294112a0bf4c10c711f113797,192,1510265479,8716.911287,26150.73386
c5850b507cb8ef214528c12becbfc3bc41898bfc377d83c34ebd6b5b7207e51c,189,1510265900,13049.27304,91344.91131
753481204400235f8f8ed331d187872732ae7529a7d2123fd8caa1ef9d33daa5,206,1510266813,21750.05736,217500.5736
5f306dddd51f0d4568ee9757296e25fb3c3f7dc67294076a9d74144042cbab75,225,1510265790,14872.25605,104105.7923
779ba1ca5f6c2605bff0cd6e327dc555fe1bf485f32cfa59d76786f9d14403b0,226,1510264782,16845.31638,151607.8474
4eeb5dc42f19673d36efdbc89b734a6b0f7bb88b04a6a50472b211d9bfe9e623,3442,1510264396,129869.1483,779214.8896
ef45d10741b9e71bff52215550e809a5c89bc1fbd184003f96ebe2fd343b0ece,223,1510266189,16677.32876,83386.64379
8058e7c613d06c42163b63c47eff6aa9976da5c797aa40b8284e50f1a1f13ffa,257,1510266015,14442.16693,72210.83467
b9ff23d2ba6d44d7efe22ddf30793e624865cab0452aa8d43e7acfb728304035,520,1510264462,35281.53875,282252.31
8228a4673dc8e1c19db6a52fd8cdce1917e0130a1b0b359eeac56104d3ff8090,225,1510266450,16789.38281,67157.53122
6180dba4694c98bd24ded843a8a9dd0cf190bf676feedd21a64cf7a87178ef7c,223,1510265458,14772.9971,147729.971
c1002644bedd53a7177633ad8544c85c89bb43886225d05cfe85a1c9ab3b764d,225,1510264550,7029.464773,42176.78864
8c50d51e16dff778041cf5aa86d04fb5ff4af001346569236628f2c949ac0465,223,1510266749,18697.07446,56091.22337
3dd3895a100daf7540f82c43d948bc2248f5cb5e69a9684b95b6ae15fd34be60,226,1510264650,18885.4066,56656.2198
5e1c0ced1b27e0474914e940e7f6ca6a6cd9fb8ddf45aa88dafbd560f2d7c4ba,191,1510265552,7398.395051,22195.18515
c29cdffbc86fb7c395bb0fde1009f480abab2ffead186cbf7214fcf1bd0ef4eb,1936,1510266432,116745.1926,1050706.734
1d4acb169dca0948dc3692769d2ea406555274500685421cd0c844e690c7e6b5,168,1510266861,13485.89593,67429.47967
f1f1127a7b0746a50a00fe4d7c3ebe8069b05baf4a5da3aebc509493170209d9,634,1510266887,12634.75845,50539.03379
1a0055010f2210b4ab2230fa9e6b554d59482c1c3eb2ef33e91653fd15f0abba,522,1510264815,24571.71081,147430.2649
3f39c8904161267e6833efa528cafe4319a564ac0b3d892e8930fff251bc68ae,223,1510265490,14772.9971,103410.9797
7e228d26290f179fde2e1065360312352175ed812986108e74e380ea2c93cd50,224,1510265880,18759.92181,56279.76543
9c62eb1b238eb200a0d100907c47c3e0f19a7a6dad46e5ae45c93555a2c0cfc1,174,1510265750,5796.919994,52172.27995
c86c5d4751fd51be71093921e01aa024f41c8b0cc75fbcda379758e9df9c9b2f,224,1510265850,23160.3973,185283.1784
0126af10cdcf866c81e76f1b28c3b14d299f7fa88d25c35aed0c6c19fc2ce49e,226,1510264927,7052.883329,42317.29997
cb5c7d50f2bf24e208e9c4de6a0a47eeb018c074cddd2dde9edca17128088291,668,1510265603,22205.93435,222059.3435
36447347fd34f3448c8b40865518017f7216a793f85b04f58bc8daeba5853f83,191,1510266223,11559.99227,23119.98453
b3eee91767671522a7fcb79e200b0d08c16a656665b0d810f54097086bc325a5,226,1510264764,9850.721344,29552.16403
00b081df1b71fbede94f95c0ef1e16da242b24e0b9f395f4f2d408da81ba9714,7157,1510264385,280902.4097,1404512.049
3b1d87e74e0c51391ddcd2bbbe8c0a2c61fe6acadedee2fd2d92ec9251b439fa,256,1510264618,16384,81920
fb88a3d94242bab68957b5c8326fd8c09abefa78fcbad7b2dbe01a33905dcd00,191,1510265191,11559.99227,115599.9227
93b800da714fdc6460ad4a379fa2356b1fccdc88485fa02928ebd8024dc8b100,226,1510264564,18885.4066,37770.8132
985f804d41652b6c85bbb32e0cf39570c94999d8c48eda73a17976a272476ee6,225,1510267179,20972.20482,104861.0241
c658404893404a7e713e94eb0c1972417bae080d5f94f8e8f309bbfd48c8c42b,189,1510265298,13049.27304,39147.81913
4f116aea8036b2249689b940d9149610dc97833c25eefed44b60d99e96bfbc94,223,1510264877,23082.80797,161579.6558
4be80a6b1691e29197c4a2f6c5ffacb4b53c0c87bab440b69c2e31e82bd40368,336,1510264396,7847.918026,47087.50816
7f19d5061cf860e6218df8a8f88789b088485b5baf0c8619d3e76d8df0a16ea1,226,1510265011,16845.31638,33690.63276
825ad6e15592f0360054bff066fc0f5179bc671b18e3d4a0e8a0c6904cdd490f,372,1510265975,33881.8563,169409.2815
333792735e8ed284044cdbeac0ed417e261e5eec0a1c63758c910117fcb69d79,208,1510264429,15828.7035,47486.11049
f705436cae0e33afa397b5ab1d4d4f7129eda636b5e8a59d0a7b4b88f0bf32d1,191,1510265541,16646.38886,16646.38886
2727d12fbba28baa2bfa9ce7b85939ae91594ba4f8046857d7e97a4655db2453,191,1510265595,20551.09736,164408.7789
d7f436d4c7b4fdb8dfd788b52fcfb00724d25d192587d2860b1757892215f9f6,224,1510265191,23160.3973,115801.9865
91417a4cb0b38f979d193e7f137e8f4d75dbef28d0703b68f63e0d707d812662,224,1510266962,16733.38705,167333.8705
e8aab4f5dd78cfb3780fb12340341ee6663b20b4442372e1e938d386306e8805,373,1510266295,19096.95576,133678.6903
acba33c478647eee385b66592a6098fa637f10044eca2f912ccd8cdbe2f0d335,225,1510266943,16789.38281,134315.0624
b4178e85a6eba14dc17116cf73f5c9b971f308d69e818395e08cf864cfd9d2e4,521,1510264517,43620.26341,305341.8439
8a9a10384cd12de317ea13266c7df4197499bfaa2e43ea0fdf802c5caa601f50,226,1510266870,5828.829198,46630.63358
97e6ddda4a05a24e6200117333e640023758dc6ebb296d29931b719a380a1e64,225,1510264741,14872.25605,89233.5363
d1034bf399f93d7bb92ff2a4bd9e3b1e4f92941e265560537311f12f97c75f5a,780,1510266981,47820.70365,382565.6292
934ebabe8e997ad1b581476a88066be54127300d913e027d4339016e492f00bf,256,1510267029,9216,82944
6acf09235ee54874c85795a686b765f2280fc0877ee7e624bde07c21bb10c719,191,1510264981,16646.38886,116524.722
6bf337a673e29b6423737276556b38e38f471992366ff2138134f16cd39bbaaf,226,1510267018,16845.31638,117917.2147
066b894f4263c20a93a6cb1a6cdaaa8f1fc1ccb48e2cd60ff1af1058310fa02c,225,1510266349,16789.38281,117525.6796
fb4943f729fc9a9c4fbb274b6396f9835641f36f7cbcc516abcc597c188d09f3,225,1510266550,14872.25605,14872.25605
142f2031d6b1c9e09a41c91b297aa968d57025df18d9e2e6f2134c61e647c2e2,223,1510265021,20832.23419,62496.70258
9e813fed0452051007606e09a089f39eca4f4245e8697752de89301068540c7b,225,1510265076,16789.38281,167893.8281
1cf96f57a4023e9ef1b39e19f6d7c09950174bbf9d8b8a7f5d0fea3410f5b5dc,226,1510266378,23315.31679,23315.31679
f5f0cf60dc9f2463ec84468725f4cbab9c3915d441f53ee9a003995e623b0894,225,1510264762,8365.644028,83656.44028
2d42ce10f5fe839db579ee93f1f9bb1e15faf6a9646702a55c1ed2244ec21ba3,226,1510267131,23315.31679,93261.26716
9bbc261b1da0b8232b69f91dc544ec65300f8a557842f2cd19c73a70a3c02d3b,226,1510266178,11424.50523,57122.52614
ff9c23960618904394797a953231e0b5161128699571715d0a130a8a8edd1a5e,191,1510265633,6216.706952,37300.24171
81051b4ff14cd2398c71cf614f7e4d007ea3e2460d6cf7941f2988793ab97f1e,374,1510264899,14372.7677,71863.83849
899a87af93f07f98769f90d34ae820f5f5ce2dc1bc23d0443983ee49605a03d7,214,1510265169,20198.4262,80793.70481
5aadbfa0c57b5abc18c3cac47c16d63027f5ee3619a68bd27a89620fde388e56,372,1510264885,21684.38803,65053.1641
51cea5b85174ca0f875134fe57235f140a352ccfe218866254242eb3c067583c,986,1510266468,34487.66232,68975.32464
77789d41f438b69e469ea8d06a430923f0ba309ed255895b9f9f6909c39a65a3,373,1510266051,16635.57035,66542.2814
4140889376fef569001d3998c14eaf5e137aa07d8185ce5a2c30caf4640d286b,191,1510265429,10070.03771,70490.26395
0471735fc95e315b46a7564e62720e3be161ca790c1db6c59c5d06fe322ad59d,225,1510264761,9818.012783,9818.012783
b13a3110637b24d57a796b334961f8c898e234450ff2cd6ae163f9193f4363ff,225,1510265584,9818.012783,9818.012783
e9c93c2357953c4ea64a95291aec77d1574802b5a257ca07147853abde899df4,225,1510264743,9818.012783,29454.03835
358be2bc78f52bfddcee2a5bb5a679c3cad0411dd47bcd07397f5a711621fc5a,191,1510265481,16646.38886,16646.38886
1afe4024bfca96dbc7f859ec7aba6ade865e0b9985be588117c9f3c8c80030ee,226,1510267141,16845.31638,101071.8983
825ad6e15592f0360054bff066fc0f5179bc671b18e3d4a0e8a0c6904cdd490f,372,1510265975,33881.8563,169409.2815
4eeb5dc42f19673d36efdbc89b734a6b0f7bb88b04a6a50472b211d9bfe9e623,3442,1510264396,129869.1483,779214.8896
763f4a1ec369ba82d3f617e7f44f437df670698d7efcaf31a1d6f29a2da7de87,206,1510266468,9189.399234,36757.59694
c154c69a811a676f3beb029fe0d693366e9fee7c3250c06e7754cac1112ff441,191,1510265573,14848.16784,14848.16784
8156633c7d5e97b3d4cd46fdc3fb1ed8b48ab1607d0ca8290875053ddf72c4da,815,1510264561,25778.33785,77335.01354
eedf8d756937e7761b84528e39f4954af9f25553531773f52d32cdda7077a17d,1414,1510266432,66639.98641,66639.98641
171bd125205bfa8eb0d3ac5d4464300497d0e446a82261e9bf728265260ce89b,225,1510264713,18822.69906,75290.79625
7a2e8e18e50db6c9124747916a5a4154f4e4bdb9d185d2be5129354f5e51d877,374,1510265927,30701.59254,276314.3328
20b84b207c37f80bbe1ef84a99e50e460d57a55e08c7c4d236fff583e8117d1c,191,1510266478,10070.03771,60420.22625
0d13f2896a13b1a4c1e84382c185c86312ee76c60dc6c3c0c7f6de48f221ccab,189,1510265448,9990.849674,29972.54902
327f151773d6ed9c37fbfd49834c84699537140f79ef417ebc8e5d92eddf4651,226,1510264928,21042.0734,168336.5872
b98cc548f0b57a44cee31ade38f783a7006c3ad5b31396704ac551d16c44fe51,666,1510265277,42476.69148,254860.1489
3d44e86ed1936c6acd54b0cc06c83d93d428748e101af84af9e8a87fd9a756b2,369,1510264898,30393.23839,182359.4304
034ee930319de77d4108b797e3240d080ad139beca4ec4c05a946c21ad889df3,226,1510266595,16845.31638,33690.63276
e1ae546165c7fa76a6d06e6af1126ff79aec516f23cd820934ac60b050217b94,225,1510266935,23237.90008,162665.3005
7e4165d5e6fee7ae50c28f07ea1f31c527533a467cc7be48c3f3bc8e6343fcee,226,1510264606,23315.31679,46630.63358
519402efca8eaa0bc8570891af81e61f780a63fc70977e57d87baf93be4d9fd1,191,1510267293,7398.395051,73983.95051
170e6814d88451578ddb3241d666c08b9145f9411c663e4164659d0fa3c80546,256,1510266778,18496,18496
066b894f4263c20a93a6cb1a6cdaaa8f1fc1ccb48e2cd60ff1af1058310fa02c,225,1510266349,16789.38281,117525.6796
eb799f4ce027867230d37f45973cc86768310b246bc1ec133b5544742a0f9f42,336,1510266196,15381.91933,123055.3546
2afde734887a36ecbbfbc40c4de59b37b83ce80647b329914d12dbe3b15f09b9,226,1510266450,8393.514045,16787.02809
51cea5b85174ca0f875134fe57235f140a352ccfe218866254242eb3c067583c,986,1510266468,34487.66232,68975.32464
16239ba775326ce4b90c49005ffb9990964236e78541e0796204ed4bf216d20e,226,1510265870,21042.0734,126252.4404
431344c9a70306556ed9c7dc37146c8a0208494adca3cb2423261cc8a1052f5b,224,1510265890,20902.25856,83609.03424
bf8872a9f6569a2bd7bbce3191567c6ecfa2ca78796c9197ee03e5718bbb8bb8,225,1510265363,23237.90008,162665.3005
bdff4a8bc7a7671239c75b616f6d03971bf780c3dc0e3d4827f571b9155d7a80,205,1510266340,9155.922341,36623.68936
ce76c476a8c6c49f569f7e16a4d20c89ab200ab75804a4f9f248e1dcc510776e,521,1510266498,27916.96858,223335.7486
2ee8248127dc04b19975524ba63f0924a1638b02fd2f3b9d4d8d9f889e593824,134,1510265584,11382.206,56911.03002
d4675e229221a9c8a04e565a4620fb204aa8a276be59b9603ff6592b9a78b142,214,1510266776,9455.772931,56734.63759
d61753ad246ddcdaf70c992228acdebc2c49c57f81668909fba664a0f1e50876,225,1510266120,5809.475019,52285.27517
14752788b82c9020c0bba57f4453eeb19c2e93761d45c9f1526eca38d661b287,370,1510266313,27333.56655,164001.3993
f75b237296c495d34cb656b60fe0e612cc208c27f2f69dac2b433d9c1731625c,190,1510264550,20470.34641,163762.7713
dfc02c3b2539313d9b878121c11d580db946b9f77c2fd43a122f5ecb1816446f,192,1510265531,11605.35526,81237.48685
1f420f13bbb1e1ef8d4ccd47c8d892ee3c22cbcd90323c640d0a6f36201bde60,225,1510265810,20972.20482,104861.0241
362868e7c7fe0ad91366d07d66a90dba0095e73085005943d611389a223e5cab,225,1510264751,16789.38281,50368.14842
c89f483de3e75ededd60e7720ed029f34a609a0f0260fd69c4169247cf45132f,226,1510266730,14921.80275,14921.80275
b6b5416732566580288982537bd3e2c367d2720663b7d0316ecbce94aa2e446c,1111,1510264958,62349.15248,124698.305
f3a97f0cc6ef4d41527e262a22bd64d4e09060b2ca90455a6eef8dee91e3db5a,225,1510267075,23237.90008,232379.0008
f539e2ed4a6a64a6732da1e614fe411729480c6408633df9cd25adefa0855379,226,1510265086,7052.883329,49370.1833
4a1260fa4ec82d58cf267016e0c74b2ac9f6e0c178d8517958a934a5597098d8,189,1510266514,6167.820462,37006.92277
034ee930319de77d4108b797e3240d080ad139beca4ec4c05a946c21ad889df3,226,1510266595,16845.31638,33690.63276
f77ca03e3198d93ab4f3a1e0a6ef7f4bb1a3af4d807ac5593b52d5fc29b1b775,373,1510266585,30640.00457,122560.0183
b6b5416732566580288982537bd3e2c367d2720663b7d0316ecbce94aa2e446c,1111,1510264958,62349.15248,124698.305
35d84ae16b17148ec538a37ae839307a0bbd794d186a50b451f06994a70d052a,521,1510265510,21373.92907,170991.4326
0f43a898bd55205f8d82bb2b7246291bdc5d26bc8ffa5ccc0b5fd6fb352fa2fb,225,1510265201,7029.464773,42176.78864
49a7bf4f2994e79bba988b62eaead4c3fb3378d7f7e427309560778dbe009eba,191,1510265603,8682.838636,26048.51591
825ad6e15592f0360054bff066fc0f5179bc671b18e3d4a0e8a0c6904cdd490f,372,1510265975,33881.8563,169409.2815
c24dfff4cb36794919606268ea307b9e99ca137fd753aabcabbc2c511e7cf11e,518,1510265236,15635.42936,62541.71746
3222617c0af8c2424935782b3f316b22bd62a696953c06ad8b0528554c5efbb7,192,1510266795,16711.71158,150405.4042
586b582dd7efb669fd3751b55350dc84fb2e52b9849f7a4ea1b414d4afd2130a,225,1510264385,7029.464773,42176.78864
f026892d897e7813893427c23b6943580c9af6efe3c2eb7ee3c445a0011cbc1d,225,1510265830,11386.57104,68319.42623
934ebabe8e997ad1b581476a88066be54127300d913e027d4339016e492f00bf,256,1510267029,9216,82944
2e6eddf1234c23e04d891ca0a82b16c3619b45d538948b96343a00c6d238bf1a,258,1510265852,9269.947437,92699.47437
4f385167c173ad6d7005af1849598945578f274709d7ecbd6e94ed7364b0863b,206,1510264639,5437.51434,48937.62906
ea1b57ee14b38213d0aa8c35e27692b3ce76a08eef7b5a249d9ead66990daee6,192,1510265605,7427.427369,14854.85474
8165b9331394c572220e303a64d52d39413168672de7e9a050cf05db71869124,226,1510265458,21042.0734,147294.5138
48735bd63ee7ce33b1eacc97ed78678caffb1adf3632c51d9b21f3b18677ece8,226,1510266944,8393.514045,58754.59831
6491adce657e23bc7fe3776ba8721d3554b2a2338aabe48a548279f0ba5934e6,168,1510265201,11945.98394,35837.95182
94404cde86816dbdcf63cae01208f609442029a3b8c2d59e8e70b94082700c71,226,1510266795,23315.31679,69945.95037
bfdf927b5aee768efec88843b1ef9099df243fbd1658a94ba234e342518ee963,814,1510265672,44041.91013,396377.1912
ad674756db4c4c1f92e213af70697c3c31c3fa2e853790b330396d6954fad1d4,226,1510267239,23315.31679,139891.9007
ac5429774b9c9d159f9a304cbc6749da04dbe3977fabe7bb98c4270962a09ee2,224,1510266148,5790.099324,23160.3973
294383b8549926a30459f25a66a1bd0f509bdc7754a65de97201ed7a12850d19,224,1510266487,18759.92181,187599.2181
77789d41f438b69e469ea8d06a430923f0ba309ed255895b9f9f6909c39a65a3,373,1510266051,16635.57035,66542.2814
2a9d34a7bd17743f3ab000b2003e4103683f681005990119bc1213c2fbfaeeee,961,1510266550,44185.77798,309300.4459
7a0833f85146714713d97dd52fa342f870068e2fae89a81a58ff3534314c5e41,371,1510264596,10228.59075,51142.95373
85680239887f0cee15eaa9a9b6a3f8f6b9f61bcead6ea2424d2cd0cbc2b32466,226,1510264751,18885.4066,94427.033
99d6e238c21bd1d6fada0b73d7e26ca7267cdb98b0b50e5e5987c076c49cbc99,225,1510265255,23237.90008,92951.60031
c5850b507cb8ef214528c12becbfc3bc41898bfc377d83c34ebd6b5b7207e51c,189,1510265900,13049.27304,91344.91131
1aa0591e43ad2aff1de555ec67503bd45f11ebdf3514a8c4a5b93f6676a47f2f,226,1510267029,9850.721344,49253.60672
6d32991582c4e24e91cd8ab975509545fe04924ea9d7947b30c95f2bc1a22f2c,374,1510266206,16669.00869,150021.0782
b0e50e59b15387042f1c90cc3f1534115dc4be70f046987a9e267fc7d1598d2d,223,1510264573,6982.549411,41895.29647
acb3cd26b3e4ff8d2522a6c0bc40d6a0f58dc5802c245fb4229f0b908ffbbd73,226,1510266395,11424.50523,11424.50523
7e4165d5e6fee7ae50c28f07ea1f31c527533a467cc7be48c3f3bc8e6343fcee,226,1510264606,11424.50523,57122.52614
63a6c5bf0c56a77cc5d9e887f18d67444b21cc626b69f1bc8cca8375c1f15cd7,405,1510266261,13000.31153,26000.62306
4f116aea8036b2249689b940d9149610dc97833c25eefed44b60d99e96bfbc94,223,1510264877,23082.80797,161579.6558
3a8a47a76267841bf4d9dbf9dd682e67a5ebc67fac54be4572c2885419455d5c,486,1510264906,23289.47615,232894.7615
35d84ae16b17148ec538a37ae839307a0bbd794d186a50b451f06994a70d052a,521,1510265510,21373.92907,170991.4326
1dca295df14d37465fb182994b5b4b940e4ec09cc068a316aab4729b9dd56740,223,1510265683,12984.07948,51936.31793
40881a695977b0c4f7eea415b0fcc56a98d873b29cbb5fb6af19f89aca3041f4,373,1510264742,10269.91843,41079.67372
aecb5fa8edd80d10e1eb05bdad0370f65905264841a401cfb8ac9a81383bd4b0,190,1510266971,20470.34641,102351.732
16239ba775326ce4b90c49005ffb9990964236e78541e0796204ed4bf216d20e,226,1510265870,21042.0734,126252.4404
0471735fc95e315b46a7564e62720e3be161ca790c1db6c59c5d06fe322ad59d,225,1510264761,9818.012783,9818.012783
ad4f8cffeb3df8dab59cde4ba7b61d29ae03f77f1f24f39fd85120035a098171,224,1510265521,18759.92181,18759.92181
a65f1704217a8e95789d17e11ceee395d5678cace0653967eb1e5e8cb40f7282,373,1510266758,12222.05169,48888.20674
71e6edf439f52d25543faeab7d0c89571ab2d71e6f3514718ed7f728fb3da750,225,1510264721,20972.20482,188749.8434
b1e586b15eeaa251103914b43a4dcd95fdcb4c7eb709a2418c1cf015c09ccc7d,372,1510264429,33881.8563,169409.2815
d7c424af408f55187b22110083e263ef0f2a33d54531b3882c98377e43273e25,224,1510264583,13027.72348,130277.2348
fd66fe8ed566eee4ed81bb499924d7c26d713ada75ebf03ba5890a38eef35960,226,1510265541,5828.829198,52459.46278
7fbf727e425145f2015b750676b8d55b6ba4399bd317e47e5d8a4f76cf9bc2e8,224,1510265374,5790.099324,5790.099324
3d16205ee94383c929d11bb130ff911713de5eca2fbc7e8282d61a8352b6362d,665,1510265212,33524.02835,201144.1701
83ea964c415edc626b5a567eeddf88bbc7e897dc2f15b948f6c1dbc6d7287b68,225,1510266594,11386.57104,113865.7104
37681689d3b09d8fdac332fd192d8f8f535a1b52ea11c9045cc0ba0f7f54174f,225,1510266887,16789.38281,83946.91403
c00d0fa404d7b652dd0b2e0a7218751e8fa0e094624cafea89cbe974a02b8a73,226,1510264419,16845.31638,134762.531
0b10ab6c84940736badcfb7530db4de948c1bff4ee11f8c07fd05eba1eac9c4e,225,1510267113,13071.31879,65356.59397
ca26a3043352f4de8b77f1280b3efec4984d4251524323b9e7e27b3223aafcba,261,1510265584,16623.41878,33246.83756
ad5956b0e7061019d4429583f17b61e05813b49c83191d0377ba4ea6ee38061b,226,1510266377,8393.514045,8393.514045
9474c469b421a1206f8d80809014e715de18da14b4a6faf981d6b4f99287f336,258,1510265541,16479.90655,98879.43932
2155995d7725acf1623e5fea3201e8182a4e0ab423bd6eff122bf584c94ae06d,225,1510266322,14872.25605,29744.5121
b1676d43c4ed2bbadafd168386683e7c7a6a9e5a60e27f0904e2b6aee6712924,373,1510266776,21728.09188,43456.18377
c9a2f1efa053aeb67e4e0544f55d5e9b3cb50649226a850a7ec370f3366f2ca6,216,1510266041,22537.21795,112686.0898
c7e075a982e900f7f780107f20ee2c9d483b4be15c641e38a8700cf3a3e42b4e,226,1510266241,23315.31679,23315.31679
3e033cd1014d685326eb133f25e3bd3b97538c471c8349e1ac730e18ce7dbfc9,225,1510266422,7029.464773,42176.78864
e45107fcb274d5e1cef48c117c9ca8db43920fb7f1fa3d93f969154409dfc4d2,224,1510264938,23160.3973,23160.3973
1afe4024bfca96dbc7f859ec7aba6ade865e0b9985be588117c9f3c8c80030ee,226,1510267141,16845.31638,101071.8983
7f14f85a91bd70bc1c512e106b688814f66ab9e56b59432149ff7d0f795e07e8,371,1510266516,33813.52313,338135.2313
0700044ee4607b4c5bec2580fc4f040515f31f8d13421108fe8132b9b203aa33,225,1510265428,8365.644028,75290.79625
6f9bf28305d6f18ebb0bf6a0818e549b851b1f85137e621b994dec7568a4217a,224,1510265245,5790.099324,52110.89392
7124c85f76e08c9716a9201425e950dadccfbfc2fdaf020bbd0064bf34d57d2b,168,1510267094,7886.215961,23658.64788
b582875ccc91970ece58c5e0caec7eebd8db7031344887ba08ff2f8f72777190,257,1510265032,10847.67205,10847.67205
b0cad36497660f1d3637175df3e76fe91a4a87c1399df4f836c77978b9544876,191,1510264782,5137.774341,5137.774341
93289d6eab618ff8b4bd87c782060980f451f9caaf163cf8098690a72187efb1,225,1510264877,18822.69906,188226.9906
2a766f3e3aee0a58516f0e7d18b5814daabe17e81e2f8a20cd2ea150b9a39334,226,1510265489,18885.4066,94427.033
bd2a5f89253d8a42aac2bda24517e0d556add99484a599c5106f74b237443b37,226,1510265106,16845.31638,50535.94914
2727d12fbba28baa2bfa9ce7b85939ae91594ba4f8046857d7e97a4655db2453,191,1510265595,20551.09736,164408.7789
fdc0ebec34f52fda88366be38d7a57ab885ac41d96bac3bee217976fbe4565fa,372,1510264990,16602.10959,49806.32877
b1676d43c4ed2bbadafd168386683e7c7a6a9e5a60e27f0904e2b6aee6712924,373,1510266776,21728.09188,43456.18377
ae61c90f5a815e0ed27209b5da9c4c0a8e57def40b36d7c36ba1c3765ae53084,226,1510267162,13114.86569,65574.32847
619b822dec228098683b5b8e8142f990b94d5097dd0d96036a763e3234cdc7e0,223,1510267292,12984.07948,103872.6359
a11c2df138455556e6c24177065951d2bccbabc4c3d03e714b74c79a5def4d25,519,1510265170,18376.47563,91882.37815
cd7513e4c5f1ff02f44a16481442d122f71a89ac8d588bdb0e7e0d5233844dc3,373,1510266386,16635.57035,149720.1331
a66361c5469da69a98a9a542e9df9f78e7e0b4a5f772e93bc555b19210039e99,189,1510264772,5097.372283,15292.11685
8df09f816dea869a7fe75a4d805bb87c7a9d1cb9502aee7f9680ee964b7b5df4,225,1510266982,9818.012783,98180.12783
fbdc82010c70e7fed117a2e046f6f8005f20903d0e31d5c1ed840b9e441cf7cb,225,1510264690,14872.25605,29744.5121
a9d0c70202b967ddb457fb51bac4ed129b895f43a11214028fb8e67ee65d2693,225,1510265870,18822.69906,131758.8934
8a9bd58556946dc7c91af781c9304626206508ce0bb5bf346c8ae48fc23eb18c,191,1510266434,10070.03771,60420.22625
fc258a78fd02b79efab409d17e8d767f6d2222097e5784b0c99b714251f87778,225,1510265614,5809.475019,29047.3751
d8433220b680afa9432f742f7b6e2f6972b556508c3b62d7cad16046036bf24c,371,1510266785,21640.6548,64921.96441
a94bb7479330af9d7f7f4062636757353a672b2e6152a5d0047788839d18cb1e,225,1510266990,5809.475019,5809.475019
2b9a0c24daf49979e3808a9ef49a66a477a6c1e9273adab8c65b988dadc3d587,361,1510265417,11925.94751,83481.63257
5c1627827c3b8b1047037a99afa3b1732f211366faafc6ea1e4348c5c71e87da,226,1510266424,16845.31638,117917.2147
fc2002d703709c725cf1321b0c5fbb9d4aca53ab3e4255cf33a8137f6e197ee9,225,1510265438,16789.38281,50368.14842
0bb94125d506bd836a57ea6731324950f000f486fd0aedac0d11832997851fe6,192,1510267113,11605.35526,69632.13158
a881e16d49908928b6f816871d70414f97417ced5d296a94ee85bfd876ddfa00,372,1510265956,19058.54417,95292.72085
4b262c88669f97da1268f1cbb207ebe89532e3cee1e4a2693ede5a82c33d253c,374,1510266558,34018.38508,340183.8508
66bf6638db87740e356fa310d441537ca9cac0cd4232e2ad5315cf7cfe2f58c3,224,1510265984,11348.59468,22697.18935
899a87af93f07f98769f90d34ae820f5f5ce2dc1bc23d0443983ee49605a03d7,214,1510265169,20198.4262,80793.70481
783602a98eeabd4592bd79fc82eaa89d20e8ef6f07794e3ab9e0780727de07d9,351,1510266468,13704.62139,27409.24278
868bd63cc1269a4688d4b17b337b5d190926871c698c17a2377a0539d99d0291,225,1510266505,14872.25605,44616.76815
09edc9a9352b94ec730e2a06b98a84a14552324ddb2b4142431f474017c3ff51,223,1510265448,12984.07948,129840.7948
40bb55244e09bbf96610093198dad4c00024f0d457ddf2b7d742c58ed9648f7e,226,1510265116,23315.31679,209837.8511
29bfeda8d7d8ae49cd72bda5f365b659e54802cb1618c9319eb96ef725f63468,191,1510265427,20551.09736,184959.8763
d0b1bba3b9f712611f3a0a763795a93a60e0856a98293264f56b663b20f17d01,226,1510265255,18885.4066,151083.2528
99d6e238c21bd1d6fada0b73d7e26ca7267cdb98b0b50e5e5987c076c49cbc99,225,1510265255,23237.90008,92951.60031
9edf53d10f56d420827999978f2739ca49abe692440a90bfcdb936296c52c719,372,1510265299,8470.464076,8470.464076
3dd70f087282aa74e779bccad92fc6c92a94200bd1e4281112dd6485f2d512b1,372,1510265584,10249.26153,20498.52306
926b2695421184e2a99e60b303627401fc1b72d9782f9179ba5c52634c219ebf,226,1510265266,16845.31638,151607.8474
29dee87f38c0bab790f6c29bfa236b1796169f1b3b3345d7ea644d47c964c130,226,1510264751,21042.0734,147294.5138
3fd7f7afc78360d578f60077f997c0a9d8d2df9704afe8abd38b0f9e017bc8db,370,1510264572,27333.56655,109334.2662
9e813fed0452051007606e09a089f39eca4f4245e8697752de89301068540c7b,225,1510265076,16789.38281,167893.8281
4ff59f17d4167932648f1742a40d3941756d860ff6382ea5b12754ba5d4639a0,371,1510266695,21640.6548,108203.274
f82546c2247d86ad77e48cf178b0a0b53ff84c23925653632210c55914b8e7de,3275,1510264731,73163.61957,292654.4783
5274e2b3f535305d540ff592105dbfe9ae28cf0f764708a139d813cd3720af70,191,1510265309,13152.70231,26305.40462
31772a0abcda02a8a31ce031a454371349bc435b531d17bbf5e63e4a61078010,192,1510264628,20631.74269,103158.7135
61797ece0d0f171ae0c9fbb43686de5034a4ac771e742361e2703365500d7563,226,1510266386,14921.80275,134296.2247
0700044ee4607b4c5bec2580fc4f040515f31f8d13421108fe8132b9b203aa33,225,1510265428,8365.644028,75290.79625
4fb1e298765b3f80dea7b1279a95a9b4a4a037ced31a4a68f86adfb8c721f77d,257,1510266241,14442.16693,129979.5024
228572cc72c7576f505ee38a8c44da0cedcfe5b0abf0bcab4b4458b8b29ab5b9,206,1510266459,17617.54646,35235.09292
c9927849abaa1641a66c088c1a90f9af35655bcb03d16c0e6a18123afb2f4202,225,1510265672,5809.475019,17428.42506
0b4d0a4020b6fd5f5574ba79b5b53731ed6f9aad53325f25f9570c73eeec8998,226,1510265288,18885.4066,132197.8462
5f6d80e5ea773e5060b274915e60b0312de9ac4a2e37e9da8c286e423484bccf,225,1510265298,14872.25605,133850.3044
f0df5a50642be7dc4fbb2c385345fc767146c16191f8c3376729be07fe381de2,437,1510264761,18733.42341,149867.3873
4cc163f8e9542cdc89caefddcf0991fa07856bb36bce6011a8809a9b89889556,168,1510264990,16845.70392,84228.51959
e748ddb7808ff2d69e0ebe91e8c9e32d97649e043e87bced81965b5cffd02e7e,469,1510267160,40312.48992,282187.4294
f803034f718ad77bc0e5403b0120d0891e7d65790f8557aab02dfee6eb6f4af3,257,1510266906,20796.72039,187170.4835
08ff5bb8f041b4f83e38af5be363d5ce59993190b006e2ca920a53c913c7301c,226,1510264710,23315.31679,139891.9007
5d4522e23b3c27ad0b65e9d257cc97572d94b60297d3fb90cba70dadf66b1208,520,1510266804,35281.53875,211689.2325
9400b5a15e5fff034138e514169c3fa91117dd48b64e3b8f62ce46d23b40ee6c,223,1510266370,20832.23419,20832.23419
9400b5a15e5fff034138e514169c3fa91117dd48b64e3b8f62ce46d23b40ee6c,223,1510266370,20832.23419,20832.23419
3d44e86ed1936c6acd54b0cc06c83d93d428748e101af84af9e8a87fd9a756b2,369,1510264898,18943.15412,189431.5412
12106b3c64828267c6041c9702300e78d6e0c3178cbaa4c47779e16f11c43283,226,1510265127,5828.829198,46630.63358
4fb1e298765b3f80dea7b1279a95a9b4a4a037ced31a4a68f86adfb8c721f77d,257,1510266241,7766.67644,46600.05864
ee975c72afbb1c8407f9e79a2c568e885c33f2e751ba996cf9c9f1e2c1c24c71,225,1510266178,7029.464773,63265.18296
89e943a0ba60eb78588f4bf95930cdc1c45da0ab97933375e930d0ac2735a7af,207,1510264919,7858.510743,70726.59668
4190276dbb83d3d7e3da70fdddde6e292d06b03f63a19db5c7237d30fdc9d03c,257,1510265095,16431.9766,49295.9298
188b12478d7756043fd9595248f0875639733cf15da248b3c09a6b314c1f40c7,226,1510264937,13114.86569,104918.9256
6b4338b30bbe8e1279ce82ac25c87981f39a9f879a61ef0a0ae1e8241fef8805,191,1510266831,14848.16784,29696.33569
e60253e7863c448a73967ba981656f32b27073a87759fd09914fad7891da92af,293,1510267103,15934.30895,95605.85369
80cb27bfb198bb2a8c278aeb7e24633df12c84e1cbbb365fe62756307ea987a5,373,1510264937,10269.91843,82159.34744
c195cd509728b852a6259e36e20e30cc9f044e6ff41a258e9b1c85a94fb0244e,191,1510265397,5137.774341,41102.19473
ebe1f609fc2368443c78591f2421e1161286b21df4dc160f0541015471344352,206,1510265822,9189.399234,36757.59694
0b146b0de6f3325fa07982a40578c3bc856035ea541ee5345b33524406f5e884,225,1510265138,13071.31879,104570.5503
1fb1b0b05e3d62386f12c32692130a4f81bb267a63185e169f442eb0bb6c9c2b,224,1510265448,20902.25856,146315.8099
1f420f13bbb1e1ef8d4ccd47c8d892ee3c22cbcd90323c640d0a6f36201bde60,225,1510265810,20972.20482,104861.0241
ee975c72afbb1c8407f9e79a2c568e885c33f2e751ba996cf9c9f1e2c1c24c71,225,1510266178,7029.464773,63265.18296
3ec768356231c319dca0c11560351f09ec13d4b4280e457c610b9b4adbd1630e,225,1510266234,11386.57104,113865.7104
bbd3f8a5e446bcbe8cae34a895b138937c05edab79dfbdd0d15b03af8502d0e2,369,1510266577,10187.20733,10187.20733
bafc65d63d9458f9cc8f6e7f5738b94a9b10177ca508c3fc065511c3c55bdc78,337,1510264845,28394.19938,113576.7975
2520aa3c0c38c2bcd0d61d098d77dd7ec462ff6de14d291e4899e9159d5338b2,225,1510265880,23237.90008,92951.60031
d97fee026fe7293acad216b770b80ceb5ad2dcaa6f2d50eab93a41259ec8455c,225,1510265820,8365.644028,8365.644028
a46d665a11b5f437f5d5f2dc78ad10713d4189233ab43cb9d42ca9c32c4764bb,408,1510264927,9078.103342,90781.03342
f77ca03e3198d93ab4f3a1e0a6ef7f4bb1a3af4d807ac5593b52d5fc29b1b775,373,1510266585,30640.00457,122560.0183
6d32991582c4e24e91cd8ab975509545fe04924ea9d7947b30c95f2bc1a22f2c,374,1510266206,16669.00869,150021.0782
1eeeb83e0e05c77e159ddf6984dc3ee2a878ab3c1435cb2ef2aba83dd76da485,225,1510264741,13071.31879,52285.27517
c3656028852598dbc52a95915c2fa252848d4407595e054e7fb7023d10a794b3,226,1510265255,7052.883329,21158.64999
066b894f4263c20a93a6cb1a6cdaaa8f1fc1ccb48e2cd60ff1af1058310fa02c,225,1510266349,16789.38281,117525.6796
884951b141f89acc16f45de347200681f10ef8d78da9c0360222f13d032f5416,224,1510265438,20902.25856,20902.25856
1f420f13bbb1e1ef8d4ccd47c8d892ee3c22cbcd90323c640d0a6f36201bde60,225,1510265810,20972.20482,104861.0241
6045e7d9bf511d72c1f341906cce4676402ebe0b8b597ec96803dafb0e54015c,225,1510266131,23237.90008,209141.1007
2520aa3c0c38c2bcd0d61d098d77dd7ec462ff6de14d291e4899e9159d5338b2,225,1510265880,23237.90008,92951.60031
e1225937efe836bb1e1b8f36a5003b9d796ea15646340e04eba01451ac8563b9,224,1510266850,9785.267858,78282.14286
eddd3c0280c900373101b42c8f7ca7a2bafd11386f3fdf47ffcb674a762bff3f,226,1510266286,5828.829198,46630.63358
78ab4f9ab14384123a7ca62fec5f7287e4880360a1a7b7b92302cc2774116ddd,226,1510265956,18885.4066,132197.8462
1ede289053455a645cd8cde4a8042b65c5d70078c940ed1a06d156b584e4b12f,226,1510266360,11424.50523,11424.50523
b43704980b21583e940fdb112f3622b016d87d720941030c01fa2e997cf53bbf,520,1510267143,18403.02484,73612.09936
528335a4aeddac9afd7742d822e22303c200da4cdb0658691d330c9d94214f6f,223,1510265310,5770.701993,51936.31793
ab9022f1b49b7c9a1740be4a01228002ec1ea29b97a983a40ab59a7eb1f6fa2a,257,1510266101,23171.6545,162201.5815
1c27930e5d06e0403df08b1e887c0c174aff899f3773ba430fe24e854bec9fbb,226,1510266622,8393.514045,58754.59831
6c733838310de87a84e2b4607e426f4e3191f6950d4d97e7a8b5a5c47aec8d6c,520,1510264824,18403.02484,36806.04968
91417a4cb0b38f979d193e7f137e8f4d75dbef28d0703b68f63e0d707d812662,224,1510266962,16733.38705,167333.8705
89072717fcc22c873ef374ef54240ccf95979380520d63ebdbb0c9be780d537d,225,1510265255,16789.38281,117525.6796
e2bf61a8e37020deee3941c4a887f55155d50297650055601e00f0a029e94c72,225,1510265063,14872.25605,74361.28025
4b262c88669f97da1268f1cbb207ebe89532e3cee1e4a2693ede5a82c33d253c,374,1510266558,34018.38508,340183.8508
7d5dd3879bce91118fe57a080716e8b8cf08c4c8f2019570b857b3e7a8f0a57a,260,1510266705,14568.42254,101978.9578
4610fdbea939f0f6100699a4f1d32cb8f0b0ff6bea7f81c3ea79899c4353c124,5532,1510264451,231562.8204,231562.8204
65c067dc67a4a7d9874ade00e09bfbff309cde5cfb3450c2625e0b17eeba3b62,225,1510265448,9818.012783,68726.08948
6cf82c2dec86fba8bb539903d578ed7f757d7c8f5e603fae973a9864d6c4bdda,813,1510266120,38976.95202,350792.5682
bd87c986214f10fd415d7919219e6deea4578bbfd662b543f37d525cad1809aa,170,1510267198,16995.88927,169958.8927
6d5c9af8842f03751b4ddf15ed91fdd424e54cc5cb19601b07740c3605fb0023,1111,1510266432,62349.15248,436444.0673
b0e50e59b15387042f1c90cc3f1534115dc4be70f046987a9e267fc7d1598d2d,223,1510264573,6982.549411,41895.29647
bdba322a7397be03bf618686412b8f70c78abf5b79b3f42e7595dc1c78cf277f,339,1510266459,20225.05629,202250.5629
387b0f863aa53a80b527ff91b73e03599da27b8a36eefd645955d1725ffce46c,226,1510266686,11424.50523,68547.03136
c3087810804a2e1a7e9e64739dadede00a3a083f9ccc1ea293bb356b041d6da0,226,1510264374,7052.883329,28211.53332
b6d2d4bc25bfa61669aa9b3ab449cc2e83477524c1066ec9bf0c833b31280991,222,1510266241,12940.38653,51761.54612
3b5e009f1069282f35da92b3f73287f0a15205ea96a086c1c7e6d88b7f027a30,226,1510266269,23315.31679,23315.31679
26868884877aa09637c333482c1faaca9b370ea593a2044ba8a445d5711ac5c2,191,1510265427,20551.09736,102755.4868
7ec6bafc3c1808af7417a497155b4719f742d4d0c186b6fea38e25c8e5f8ad82,214,1510265139,20198.4262,181785.8358
845a7f1e6cd47e8fc5e0857a25f90d29c3e34e2430c83334957e27db7b96e9e8,226,1510264793,11424.50523,11424.50523
a3e66e733ee329c07b102da9b689157fea24f5a5bcb48b83c471999803f25988,226,1510266306,13114.86569,26229.73139
d6d2224342aba8a919cf2876dd2df34b5e5fc345f05256a545ebaaa3a44f1c88,225,1510265117,11386.57104,102479.1393
2454c9594147a481ef9339289fefa26cdabef3f59a56c64146caac0e6d52a1b7,225,1510266022,7029.464773,28117.85909
0125668b27b0ad64263fcde26c68029bc3d1fbd5433ebad36958ef19faa9c922,223,1510264721,23082.80797,23082.80797
cd7513e4c5f1ff02f44a16481442d122f71a89ac8d588bdb0e7e0d5233844dc3,373,1510266386,8487.535892,59412.75125
40881a695977b0c4f7eea415b0fcc56a98d873b29cbb5fb6af19f89aca3041f4,373,1510264742,10269.91843,41079.67372
721e0fabbb1a20ccd7e21f3a905eca43529a5b8b98e10d4e1210223eeab3d332,223,1510266676,6982.549411,20947.64823
4aeec74450b5a7d604a8cf5b24f1760bec9c359ff89e43b103aaff82e0a08d32,192,1510265761,13204.31532,13204.31532
fd66fe8ed566eee4ed81bb499924d7c26d713ada75ebf03ba5890a38eef35960,226,1510265541,5828.829198,52459.46278
cd11c6fae34d0bdf36cbcc805a50f348becee24d4d4b22fcd4a282dc3e01699a,207,1510266441,6603.331943,26413.32777
358be2bc78f52bfddcee2a5bb5a679c3cad0411dd47bcd07397f5a711621fc5a,191,1510265481,16646.38886,16646.38886
d9f3e1d51eefdc7bb8547112e09e99fa6842f0a0dc09d1a9b13e1f2396dfb603,341,1510265791,17854.52507,107127.1504
c5f9e19250fe0c7e3b20730aaa8f6fe78d2bd522cd942a8ac22fd6f07ad157c0,373,1510266999,8487.535892,84875.35892
1411f2c2df3279bf5a7d3fe41c1fb8589a2a8f5d102a6a05ebf3cfaee9d4bae0,372,1510266196,19058.54417,19058.54417
899a87af93f07f98769f90d34ae820f5f5ce2dc1bc23d0443983ee49605a03d7,214,1510265169,20198.4262,80793.70481
d4675e229221a9c8a04e565a4620fb204aa8a276be59b9603ff6592b9a78b142,214,1510266776,9455.772931,56734.63759
81051b4ff14cd2398c71cf614f7e4d007ea3e2460d6cf7941f2988793ab97f1e,374,1510264899,14372.7677,71863.83849
133c41e3c632869abfb198b966d38a3f818bc0b8a690d3ae8396787cd24751c4,226,1510267229,13114.86569,13114.86569
3cbefe6c7488253a599195dc65acc931eb415452103fa4c9e7cca67d3aa4c91e,338,1510265458,13322.14726,79932.88354
e8aab4f5dd78cfb3780fb12340341ee6663b20b4442372e1e938d386306e8805,373,1510266295,19096.95576,133678.6903
e60253e7863c448a73967ba981656f32b27073a87759fd09914fad7891da92af,293,1510267103,15934.30895,95605.85369
d52e0548f1c29ba447978fa8f3429e042eade2e0d3f737f2da7b7f70bfe50749,226,1510264484,14921.80275,44765.40824
bd49b5a05ec2ceb1d1b3eee46af49fd014a5e78b38a3af4d1f5dda2e2475a693,484,1510265032,10318.91467,103189.1467
080fbdc6a491c11af95fafaa4805d69e28b019bcfc98c8c78caf672c4e2a9529,1266,1510266003,54333.19508,108666.3902
4d0527f41ce84746c205c7c85c84b675c14c0c2664f84a4f4e9af21abc38541a,372,1510265731,16602.10959,33204.21918
1d7d2dafd6fb18348dfefad0c4152d3a4dce73b5c28b44608d704f216a911fef,487,1510266041,20319.02161,162552.1729
b575c78aed838a1877b049496c079c87c3a59e6c02c1a6c1402caa7e1b283b54,226,1510266934,21042.0734,210420.734
fd66fe8ed566eee4ed81bb499924d7c26d713ada75ebf03ba5890a38eef35960,226,1510265541,5828.829198,52459.46278
3cb40c2ceab847266a165e63024bf2809556746c4a5c0858ed33e7098a36a173,191,1510267228,7398.395051,51788.76535
85680239887f0cee15eaa9a9b6a3f8f6b9f61bcead6ea2424d2cd0cbc2b32466,226,1510264751,18885.4066,94427.033
4f1b7a40e3e4206b10bb3668f7d9bbd13af632dbc6c27516a273018dbc2570e8,372,1510266268,24479.64118,24479.64118
171bd125205bfa8eb0d3ac5d4464300497d0e446a82261e9bf728265260ce89b,225,1510264713,18822.69906,75290.79625
fc2002d703709c725cf1321b0c5fbb9d4aca53ab3e4255cf33a8137f6e197ee9,225,1510265438,5809.475019,23237.90008
c7462b0d1f7de5c5c18e57ac256d73cc3d447c6102573bda6c8f68be86bcbd38,225,1510267265,11386.57104,102479.1393
cb791aa1ca45548e602aa82b1ea32d067886a2decf1d4f370fd3f39030dd0896,225,1510265741,5809.475019,17428.42506
6eb8d504c82b310afce9f1c408b937765d25fe4272067e1374583f4c58961903,224,1510264721,7006.020182,49042.14128
33a9ba8473aede317d6038175e8a2674d77779f8834b145bbd8008a18bb10523,226,1510265652,5828.829198,58288.29198
4be80a6b1691e29197c4a2f6c5ffacb4b53c0c87bab440b69c2e31e82bd40368,336,1510264396,7847.918026,47087.50816
763f4a1ec369ba82d3f617e7f44f437df670698d7efcaf31a1d6f29a2da7de87,206,1510266468,9189.399234,36757.59694
35d84ae16b17148ec538a37ae839307a0bbd794d186a50b451f06994a70d052a,521,1510265510,21373.92907,170991.4326
b4305018c7f6408995eedc5facdaf8efd9b68bdf4908d9989200b944aca2f888,225,1510265223,5809.475019,17428.42506
5ceea73053afc16024ae7fdb49f575119731438c221e1193732a1060379b4030,235,1510266631,19446.69966,38893.39932
de86f4ff55ad9394371a9c149f8bfb55511104a50d0fef76d49141ae58efbb67,224,1510266631,16733.38705,83666.93524
998ffefb3aa67dbfbb9849ae77fdc6ab011c33dc2d42134cddb5211b6aca6ef4,226,1510266906,18885.4066,18885.4066
1e5c46da7779c001987ca7c042feb437687c883c1bb10958b07685ede9409c55,224,1510266796,20902.25856,104511.2928
3c5baa92e5e07140e0f9bbea988a5307b71e05e3566d9b4937a505930097a951,257,1510265438,12580.73208,88065.12459
524471f2efa50aefacf131072d43a303c4725f3631bd1a9235d0a351ac2109be,226,1510266368,9850.721344,9850.721344
af960119ac52504ca7c5b3954feba946d52dc8778ee0b7dd94b5022ab820ebbc,190,1510266422,10030.46974,30091.40922
d6d2224342aba8a919cf2876dd2df34b5e5fc345f05256a545ebaaa3a44f1c88,225,1510265117,11386.57104,102479.1393
448f9a76dfdbdc95ee439c47020fb57082ca61f3e7b4296a45761c2e96d0704f,226,1510267265,9850.721344,78805.77075
028d1883bcf75f540d13aca3b89dfef8a8ea722d75b6836966554378d8d72cd9,226,1510267039,18885.4066,18885.4066
8c50d51e16dff778041cf5aa86d04fb5ff4af001346569236628f2c949ac0465,223,1510266749,18697.07446,56091.22337
a0aa89bfe5b40225fa545231b6729a77a57b2206e5736c912e89873ac2a0d8f8,340,1510264814,7917.884964,31671.53986
ab9022f1b49b7c9a1740be4a01228002ec1ea29b97a983a40ab59a7eb1f6fa2a,257,1510266101,23171.6545,162201.5815
f0bbacfe4ce3d18b4822e07b0a8aaceb073bcf952f0919b9689cdbed124fbf73,191,1510266368,8682.838636,34731.35454
431803de3c35bcd7b483c615569f8aca122687be6c96c88889cb519cba611c46,224,1510265975,16733.38705,167333.8705
9b65fcd50357a733d6bb7adebd46008bee49a4a9162a468248ffaba80caccc34,168,1510264782,13485.89593,67429.47967
b7e22abd1a1b562eb53ead167c1952c4585e28a2529b6d2cb7d22ed1a0848b2a,599,1510265074,30996.31617,185977.897
0c44717ca40f42d782929b062074c47ca577ce31accc9a2f77d15bebe5493b1b,223,1510266487,6982.549411,13965.09882
701dae972a8cd7b2ebc623eecf589bc895b9706b8a903fe2164e209ac167f105,224,1510264980,7006.020182,42036.12109
2a7d021a4f6303ecdd487df85f092aaa566bcea5d536736f11fb57df9d0df3ef,337,1510264670,9517.169321,19034.33864
7f68e55bb91286d5097257502b52cdb425f063b54987fb03d24b0ec34351ebc8,226,1510264951,16845.31638,117917.2147
2a34e72c1fc65a51bf5d09295700a7d1f952baad58e0cbb84b7b727861b2be6f,962,1510266441,24873.89497,149243.3698
82f1d45d82b2d2507e5c4bdf04f41dbe839385367bfdc9b7a4f7dc2e1a71e6d1,192,1510264506,20631.74269,206317.4269
e8f00ca3480ee37cac3bc1e2e39e916f6af200b5934deeb50ddbfcce754a9b2c,192,1510267132,16711.71158,116981.9811
c7ed18fb67c1ba0fbe184cd2e0c5877894637ddbb43dbeeba3314d032b71b7cb,225,1510265873,16789.38281,33578.76561
78ab4f9ab14384123a7ca62fec5f7287e4880360a1a7b7b92302cc2774116ddd,226,1510265956,18885.4066,132197.8462
b4178e85a6eba14dc17116cf73f5c9b971f308d69e818395e08cf864cfd9d2e4,521,1510264517,43620.26341,305341.8439
9461550b3fe07c255ceb325ae4d89839970da16b80c1867d85bbfcbab35d31fd,191,1510265584,18547.36537,129831.5576
51a3a0e1e7a0860a03d194a648281de85da73c8b180c5880d743e017fd882cba,192,1510264387,11605.35526,81237.48685
d27f298dc7f283ec3d1eb3cf834ac9092f684f2e2a827af1db7a4149bafc450d,518,1510266631,21281.55664,170252.4531
5dbe11e9e7733f1b8eb00b7cb5c69457e6e06bfeccc65406c2e93e811e98e349,225,1510265065,14872.25605,59489.0242
b3616be54b9753466d7242ed183ee3d044f52914e7459ca054cbffe590978841,522,1510267218,18456.08501,129192.5951
9726780d9648f2888b587ce51d8c006a8cc09322b460d8f334993b1c0f0c44ab,225,1510264713,20972.20482,62916.61446
c7ed18fb67c1ba0fbe184cd2e0c5877894637ddbb43dbeeba3314d032b71b7cb,225,1510265873,16789.38281,33578.76561
3ec768356231c319dca0c11560351f09ec13d4b4280e457c610b9b4adbd1630e,225,1510266234,11386.57104,113865.7104
900cdf27ce876e1c536b77938eff7afa92cbaa2f3f6518a39fa9ab9c1d6effb8,1694,1510265288,38023.10218,266161.7152
6d5c9af8842f03751b4ddf15ed91fdd424e54cc5cb19601b07740c3605fb0023,1111,1510266432,62349.15248,436444.0673
f3a97f0cc6ef4d41527e262a22bd64d4e09060b2ca90455a6eef8dee91e3db5a,225,1510267075,23237.90008,232379.0008
c86c5d4751fd51be71093921e01aa024f41c8b0cc75fbcda379758e9df9c9b2f,224,1510265850,23160.3973,185283.1784
337930b8f66e953ea4bb634d3210aafa4c2cc140ea172eec1cd95603c8a5d271,226,1510267131,21042.0734,189378.6606
19908322368d32ab106def450b92bbe8e207403779cbbf5f6be0770a9534ff46,226,1510266550,14921.80275,14921.80275
97b503c38d57f158bcb1c559a352f27cb02d9430fc17bfb2fa033de2823bfb4a,226,1510266924,11424.50523,114245.0523
e8556d17b3b9890d28e1057e4149f11a9816c6bab27568d4515509020d26a4f3,484,1510267018,29821.6634,238573.3072
d1dcbfb71a5f65dffbbbce04b29d817c54d24ae552d81f26626774b835487a2f,225,1510266749,23237.90008,209141.1007
50087f4516deca413e4c28dbdc02dac7f0db8eaca34e9eebe7e9836c661d135d,372,1510264518,27444.30361,246998.7325
f0df5a50642be7dc4fbb2c385345fc767146c16191f8c3376729be07fe381de2,437,1510264761,18733.42341,149867.3873
094ff6f77e2e1f1b0cb5ebfb6343041cd2b795669042fb6a735a8c23ec055c1d,226,1510266129,23315.31679,186522.5343
20180d5a0e671e17651ff511a3fd3913f4f08682390b734f7a602f74b7748ea9,225,1510267124,8365.644028,16731.28806
d144b938babf0d894249969ce7d46e791efa687d31f7286528f75df852569974,208,1510266450,10735.03767,10735.03767
f9d22c3faf3e9476d0c4476920d036632d4cab0f2c542b27fe7c16ba4a6ec031,226,1510264517,18885.4066,75541.6264
431344c9a70306556ed9c7dc37146c8a0208494adca3cb2423261cc8a1052f5b,224,1510265890,20902.25856,83609.03424
508510804f83126ffec24ee8da3c39f790e99a286cf68070ed04c301f005a541,223,1510266297,16677.32876,83386.64379
2ae41da4e8d0cd8b3f60c1098e0fe16d908374527bffdd862197020ac36f0b5a,224,1510266749,5790.099324,52110.89392
f54bafd3905130bd05f286ba419c0ac7e1e516c07579f8aab39185ea3f201b27,225,1510264721,5809.475019,5809.475019
50087f4516deca413e4c28dbdc02dac7f0db8eaca34e9eebe7e9836c661d135d,372,1510264518,27444.30361,246998.7325
8ecccbfb0bdc33b6c0c8d9ffd83099a0e9cae608ff0bfa6dd66b190ea82705aa,226,1510265563,23315.31679,209837.8511
9b5d73ea9e56ce4a32faa964bac284826e27c52e1d02e5092fd037e1e3d67923,226,1510264948,23315.31679,93261.26716
7fbf727e425145f2015b750676b8d55b6ba4399bd317e47e5d8a4f76cf9bc2e8,224,1510265374,5790.099324,5790.099324
576319c826fa201d47654b9b239b92bb338ae10eee1ab562e45580ff12be9bd1,226,1510266676,9850.721344,9850.721344
22b1c6529d9351156271a81fe50e8de39e47bfcad9dbd8b25c99b2bfbc2d534b,223,1510265363,6982.549411,34912.74705
93289d6eab618ff8b4bd87c782060980f451f9caaf163cf8098690a72187efb1,225,1510264877,18822.69906,188226.9906
d045c6ab5cedbb1898c604a353f0142306dd212f9ceb12d892d94e13042e2f1b,258,1510266269,12617.42846,12617.42846
599811a87059dcc67f99688868f63dd6c33f706dcc88b4e67cdac5cb7ff00bba,223,1510267131,11310.57591,79174.03134
b6d2d4bc25bfa61669aa9b3ab449cc2e83477524c1066ec9bf0c833b31280991,222,1510266241,12940.38653,51761.54612
7dd6dee7ce35afa3357f27fe81014edbdf1ed75ea9db6cc1314a46afc5eeeeba,224,1510267152,11348.59468,90788.75741
7b0b49be3d95ea1ce0979fa587c002dc7970493b20883298e4911a856baab099,223,1510265771,6982.549411,20947.64823
6196695424b0861b2c880051e82082b7c80927c5166114fd93a5890a38246434,373,1510266139,8487.535892,8487.535892
b1e586b15eeaa251103914b43a4dcd95fdcb4c7eb709a2418c1cf015c09ccc7d,372,1510264429,33881.8563,169409.2815
3e87d5c20ac8db5ef962757777d19bb31c30f7ce7d37a7fb0c4252cf82fba4c7,862,1510266089,40725.87413,407258.7413
13ec04d754d4a6571777ae9018806f61e679618b9f8358d066cc2f768f92f80b,226,1510264898,21042.0734,126252.4404
7b31f25058781ca34394378f2efbb5c0ad9c9eff9aed7ea895de90ff3f3a2aad,328,1510264564,27823.55282,278235.5282
57aa12956e76894e112b86ab47904208a35876c676ecb8bd1e41aeac40ac2ef2,192,1510266468,16711.71158,50135.13474
63a6c5bf0c56a77cc5d9e887f18d67444b21cc626b69f1bc8cca8375c1f15cd7,405,1510266261,13000.31153,26000.62306
4e83fbec55a6dcd0e2ce6fe8dd0fb82d4d64a13c5c2444d7f40cfdae033cc330,373,1510267179,27499.61629,274996.1629
91417a4cb0b38f979d193e7f137e8f4d75dbef28d0703b68f63e0d707d812662,224,1510266962,16733.38705,167333.8705
7d5dd3879bce91118fe57a080716e8b8cf08c4c8f2019570b857b3e7a8f0a57a,260,1510266705,14568.42254,101978.9578
9c182f7af0ae9962bf2cee8776a83b13457666ca451db03b1ae17e8436297fb2,225,1510266268,7029.464773,28117.85909
3acb37184db3fedf94a5c8120b27b5d06eb256c77993bda2e053b4c71aed5118,519,1510266089,13157.12161,52628.48642
4b87defdad489f20f661230cdac0c09bf7dccd73fe0f8d1299fa1d4797d0df62,261,1510267103,23441.61789,187532.9431
3199aed3be50cc477de99c0be89846d4a17295c59411c6baf05c342c5babf65a,225,1510265236,20972.20482,146805.4337
c600478ee0e97feede24a731849cbf92a012b0d6ac5e3a6a213138ad1095cd05,223,1510266806,12984.07948,116856.7153
f724606da3cd9b61ff4a177f93cdd4aae7d0c688718d95003fe305c40d27f2e2,1260,1510267124,76345.79305,381728.9653
fd5c3060fb2580d404fdd8d835cd65589c3c3a245859f4c522033da35c380b75,208,1510264550,19772.18672,138405.307
e560d52934d22175d437dd856f609ed9345b7e900d83b42d1541a01e8f8e2ce5,521,1510264824,31515.64031,94546.92094
db6b7a8329ec03f5229b55b4fa2e9877fd11045ec674a2f718647fc1065cef7e,223,1510265127,14772.9971,118183.9768
2731bc846c90b277243e517fe337f5bb78060274d12c2c91e091e7bcf23556a6,226,1510266506,14921.80275,29843.60549
06e49fa263a2a1bf9a72b617569a0717d6985b1e31b87ad816a6540a99819cbe,166,1510266386,6659.529669,6659.529669
5622b67c8c1f2265d0795e4b3b4d85d64290c9fec34d16df3411f205357edaf3,43255,1510264721,1082765.574,10827655.74
de2fb18f63d7c4d85c9d3cd23484223713aa17a429ec05fa97380a41b3f90828,225,1510267074,16789.38281,67157.53122
0e4636dc4ca1af1012c840921f5597500846813bdcf550b7acafc6155cbb5372,225,1510265471,23237.90008,46475.80015
36447347fd34f3448c8b40865518017f7216a793f85b04f58bc8daeba5853f83,191,1510266223,10070.03771,70490.26395
7d0e37b75a6dcddb40880847bdd10f98bc1be5e6f242a6ae36c37f1af7eb079f,374,1510266776,12246.61863,73479.71178
b83d9b1ad96b2f218f612caa01e27c1d5bb93237deadf947b9cbd7892d73862c,226,1510264639,13114.86569,118033.7913
6af671daf3e0121b12edbeac9f67c272ca7840159ab06f42b63682abaa096765,370,1510264650,33745.14389,33745.14389
e40dfc0dd6d6241e603e43493625708fb3864ce0a890724352f2ec71ba8506c8,1404,1510267056,44955.35197,269732.1118
0906753df2df42db8964b6ade7cabda7c603202e05fa63701f91cf54e8971e49,339,1510266622,17775.92838,35551.85676
1d4acb169dca0948dc3692769d2ea406555274500685421cd0c844e690c7e6b5,168,1510266861,13485.89593,67429.47967
f012484ac947bb87ad32464a570d0867051a06bf4f9915c1261f9c811cc1533e,225,1510265353,16789.38281,151104.4453
a21beb6bfb896f50817f598b61f16ac73a04ffead0b3a6e0ed52376787f43a33,225,1510265277,7029.464773,56235.71819
ebe1f609fc2368443c78591f2421e1161286b21df4dc160f0541015471344352,206,1510265822,9189.399234,36757.59694
e474c8c28194717e5465a2472d8e6d6d5415cfdbe0a55140ef142f91dac51cbf,256,1510267065,10816,97344
d65cde71e27507866895a3325e73b2bfc20e218c7bc1888ea38ed3206f10df2e,370,1510267094,12148.2518,24296.5036
9edf53d10f56d420827999978f2739ca49abe692440a90bfcdb936296c52c719,372,1510265299,8470.464076,8470.464076
1c27930e5d06e0403df08b1e887c0c174aff899f3773ba430fe24e854bec9fbb,226,1510266622,8393.514045,58754.59831
4eeb5dc42f19673d36efdbc89b734a6b0f7bb88b04a6a50472b211d9bfe9e623,3442,1510264396,129869.1483,779214.8896
52625dad4305063e1c682b6db315f0829caca73e4e6d5d47546ed252036b36ba,189,1510266487,6167.820462,49342.5637
f8ae8b024004e92215b172f71e96f930ebd107037796139f2f887a373455c31a,340,1510264857,25653.94728,205231.5783
6491adce657e23bc7fe3776ba8721d3554b2a2338aabe48a548279f0ba5934e6,168,1510265201,11945.98394,35837.95182
296d62ebe5aca26817f6802f636cea7aa1fe055856c3957e20888d8bd1c6af18,334,1510266832,9453.556419,94535.56419
171bd125205bfa8eb0d3ac5d4464300497d0e446a82261e9bf728265260ce89b,225,1510264713,18822.69906,75290.79625
f16000499dc2680d31d9e4603c19695215b99088b74b6f95ebc3009230263c0f,371,1510265063,16568.62633,16568.62633
cfc231c715d58c5d1b09f310c627e93bc3d1903e5735e022a6718e765091e562,168,1510265861,5646.343972,39524.40781
c00d0fa404d7b652dd0b2e0a7218751e8fa0e094624cafea89cbe974a02b8a73,226,1510264419,16845.31638,134762.531
7e4165d5e6fee7ae50c28f07ea1f31c527533a467cc7be48c3f3bc8e6343fcee,226,1510264606,11424.50523,57122.52614
49888bbce7bb286a951836310f148235f19af07201222177b980a51aa2694b21,225,1510265966,9818.012783,9818.012783
842e108a0ba51a480e236f99e9eea13e4b343c968197e87c266588ffbfa0766c,224,1510266640,16733.38705,100400.3223
81353b6ad451dc30d0ce286f05131e98f0c9c56ee3fd033c0406acf89032d33a,226,1510265212,14921.80275,44765.40824
586b582dd7efb669fd3751b55350dc84fb2e52b9849f7a4ea1b414d4afd2130a,225,1510264385,7029.464773,42176.78864
aedbb3e5385b9c661a1f8d7300653c8522039cbafab4a140775861735174d0d2,371,1510265533,14286.21352,85717.28113
a81c0f6f2d7f98e403a70fb10f80ebee3fd37c20da801b4f8103fbb7aa4888ed,192,1510265521,11605.35526,58026.77632
fa93e18278c613be87b8476e097a4ad5c6ac7968daf22d2aed1eac59f4463c40,224,1510265711,14822.65427,133403.8884
c13da16eea76011048dd6f1c7f1947076cc87af64ebfabfb528bb587843d4b99,372,1510265603,19058.54417,19058.54417
5e050629e542d53b56aff0744b1883c4c448f73e67bd73fa9df19de5a7d7515e,226,1510266953,13114.86569,91804.05986
2d42ce10f5fe839db579ee93f1f9bb1e15faf6a9646702a55c1ed2244ec21ba3,226,1510267131,23315.31679,93261.26716
b9f5f55a5cc0987b356dba93e026191fe967d7c863132969860f27bc7221c1fe,370,1510265740,21596.89209,215968.9209
ff0f7b660b3df6e4209394f9cae1eb1bf987259549f259f25e710d49ffdcbc34,521,1510264396,31515.64031,315156.4031
91d9f192c8836eec6fc194b48759065105b13cb6fdfd78fbdb9b5b714efe9263,205,1510265510,15657.16897,62628.67589
11b30035641e2381e99e244bd56dd939b9bda3b9a2db1a4feecb62826fb74ee7,257,1510266315,16431.9766,131455.8128
6866cb5fada4e8917030ab76a91e547250aa3f3104b599ef54a93705f764914a,395,1510264803,22682.33639,90729.34558
97b503c38d57f158bcb1c559a352f27cb02d9430fc17bfb2fa033de2823bfb4a,226,1510266924,11424.50523,114245.0523
d52e0548f1c29ba447978fa8f3429e042eade2e0d3f737f2da7b7f70bfe50749,226,1510264484,14921.80275,44765.40824
1a9c1ff7005cda14a61a7e09002cd346f15f604d3f24c6783f65745f7417c390,225,1510266196,11386.57104,34159.71311
1386aa8a238a01f09edb9173147a15fc52e3eaa7206a4f717f4c6851c836f565,190,1510266487,13101.0217,104808.1736
bbd3f8a5e446bcbe8cae34a895b138937c05edab79dfbdd0d15b03af8502d0e2,369,1510266577,10187.20733,10187.20733
a0aa89bfe5b40225fa545231b6729a77a57b2206e5736c912e89873ac2a0d8f8,340,1510264814,7917.884964,31671.53986
1d7d2dafd6fb18348dfefad0c4152d3a4dce73b5c28b44608d704f216a911fef,487,1510266041,20319.02161,162552.1729
c195cd509728b852a6259e36e20e30cc9f044e6ff41a258e9b1c85a94fb0244e,191,1510265397,5137.774341,41102.19473
028d1883bcf75f540d13aca3b89dfef8a8ea722d75b6836966554378d8d72cd9,226,1510267039,18885.4066,18885.4066
